{"cameraMode":{"drawMode":0,"name":"Shaded","section":"Shading Mode"},"sceneLighting":true,"audioPlay":false,"sceneViewState":{"m_AlwaysRefresh":false,"showFog":true,"showSkybox":true,"showFlares":true,"showImageEffects":true,"showParticleSystems":true,"showVisualEffectGraphs":true,"m_FxEnabled":true},"in2DMode":false,"pivot":{"x":25.989866256713868,"y":-3.333745002746582,"z":-23.93126678466797},"rotation":{"x":0.033207569271326068,"y":0.9064057469367981,"z":-0.07248339056968689,"w":0.41492536664009097},"size":24.374109268188478,"orthographic":false}