{"cameraMode":{"drawMode":0,"name":"Shaded","section":"Shading Mode"},"sceneLighting":true,"audioPlay":false,"sceneViewState":{"m_AlwaysRefresh":false,"showFog":true,"showSkybox":true,"showFlares":true,"showImageEffects":true,"showParticleSystems":true,"showVisualEffectGraphs":true,"m_FxEnabled":true},"in2DMode":false,"pivot":{"x":-5.846503734588623,"y":10.492539405822754,"z":21.82474136352539},"rotation":{"x":0.04329410195350647,"y":0.9101810455322266,"z":-0.39922431111335757,"w":0.09740011394023895},"size":2.0983314514160158,"orthographic":false}