{"cameraMode":{"drawMode":0,"name":"Shaded","section":"Shading Mode"},"sceneLighting":true,"audioPlay":false,"sceneViewState":{"m_AlwaysRefresh":false,"showFog":true,"showSkybox":true,"showFlares":true,"showImageEffects":true,"showParticleSystems":true,"showVisualEffectGraphs":true,"m_FxEnabled":true},"in2DMode":false,"pivot":{"x":11.154823303222657,"y":-16.390953063964845,"z":-32.24964904785156},"rotation":{"x":-0.032746654003858569,"y":-0.9541909694671631,"z":0.27758562564849856,"w":-0.10950532555580139},"size":19.56834602355957,"orthographic":false}